full_location,continent,country,state/province,county/town,municipality,new-discrete-phylo,plotting_location,plotting_centroid,latitude,longitude,plotting_location_2,plotting_centroid_2,latitude_2,longitude_2
North America / Canada / Nova Scotia / Country Island,North America,Canada,Nova Scotia,Country Island,,east-canada,east-canada,sept-iles,50.216667,-66.383333,nova_scotia,long_lake,45,-63
Europe / Norway / Sor-Trondelag Fylke / Froya,Europe,Norway,Sor-Trondelag Fylke,Froya,,europe,scandinavia,ostersund,63.179167,14.635833,norway,unknown,63.99056,12.30778
North America / Canada / Ontario / Hawkestone,North America,Canada,Ontario,Hawkestone,,east-canada,east-canada,sept-iles,50.216667,-66.383333,ontario,hornepayne,49.25,-84.5
Europe / Norway / Finnmark Fylke / Vardo,Europe,Norway,Finnmark Fylke,Vardo,,europe,scandinavia,ostersund,63.179167,14.635833,norway,unknown,63.99056,12.30778
North America / United States / Massachusetts / Eastham,North America,United States,Massachusetts,Eastham,,northeast-us,new-england,"northampton, ma",42.333333,-72.65,massachusetts,rutland,42.37712,-71.92526
North America / Greenland,North America,Greenland,,,,europe,greenland,greenland,75.73314,-41.10292,greenland,greenland,75.73314,-41.10292
North America / United States / Maine / Kennebunk,North America,United States,Maine,Kennebunk,,northeast-us,new-england,"northampton, ma",42.333333,-72.65,maine,bowerbank,45.25333,-69.23333
Europe / Norway / Finnmark Fylke / Loppa / Finnmark,Europe,Norway,Finnmark Fylke,Loppa,Finnmark,europe,scandinavia,ostersund,63.179167,14.635833,norway,unknown,63.99056,12.30778
North America / Canada / Prince Edward Island / Mount Stewart,North America,Canada,Prince Edward Island,Mount Stewart,,east-canada,east-canada,sept-iles,50.216667,-66.383333,prince_edward_island,milton_station,46.295,-63.221
Europe / Norway / Nordland Fylke / Bodo,Europe,Norway,Nordland Fylke,Bodo,,europe,scandinavia,ostersund,63.179167,14.635833,norway,unknown,63.99056,12.30778
Europe / Norway / Finnmark Fylke / Nordkap,Europe,Norway,Finnmark Fylke,Nordkap,,europe,scandinavia,ostersund,63.179167,14.635833,norway,unknown,63.99056,12.30778
North America / Canada / Nova Scotia / Kentville,North America,Canada,Nova Scotia,Kentville,,east-canada,east-canada,sept-iles,50.216667,-66.383333,nova_scotia,long_lake,45,-63
"Europe / Netherlands / Castricum, Noord-Holland",Europe,Netherlands,"Castricum, Noord-Holland",,,europe,western-europe,luxembourg,49.6114,6.13,netherlands,putten,52.266667,5.6
Europe / Norway / Troms Fylke / Tromso / Troms,Europe,Norway,Troms Fylke,Tromso,Troms,europe,scandinavia,ostersund,63.179167,14.635833,norway,unknown,63.99056,12.30778
North America / Canada / Prince Edward Island / Sturgeon,North America,Canada,Prince Edward Island,Sturgeon,,east-canada,east-canada,sept-iles,50.216667,-66.383333,prince_edward_island,milton_station,46.295,-63.221
North America / United States / Massachusetts / Nantucket / Nantucket,North America,United States,Massachusetts,Nantucket,Nantucket,northeast-us,new-england,"northampton, ma",42.333333,-72.65,massachusetts,rutland,42.37712,-71.92526
Europe / Belgium / Provincie West-Vlaanderen / Middelkerke,Europe,Belgium,Provincie West-Vlaanderen,Middelkerke,,europe,western-europe,luxembourg,49.6114,6.13,belgium,gembloux,50.566667,4.68333
Europe / Germany / Lower Saxony,Europe,Germany,Lower Saxony,,,europe,western-europe,luxembourg,49.6114,6.13,germany,blankenbach,51,10
North America / Canada / Prince Edward Island / Stratford,North America,Canada,Prince Edward Island,Stratford,,east-canada,east-canada,sept-iles,50.216667,-66.383333,prince_edward_island,milton_station,46.295,-63.221
Europe / Norway / Finnmark Fylke / Vardo / Finnmark,Europe,Norway,Finnmark Fylke,Vardo,Finnmark,europe,scandinavia,ostersund,63.179167,14.635833,norway,unknown,63.99056,12.30778
North America / Canada / Newfoundland and Labrador / Gull Island,North America,Canada,Newfoundland and Labrador,Gull Island,,east-canada,east-canada,sept-iles,50.216667,-66.383333,newfoundland,happy_valley_goose_bay,53.23,-59.99992
Europe / Iceland,Europe,Iceland,,,,europe,iceland,iceland,65,-18,iceland,iceland,65,-18
North America / Canada / Nova Scotia / Sable Island,North America,Canada,Nova Scotia,Sable Island,,east-canada,east-canada,sept-iles,50.216667,-66.383333,nova_scotia,long_lake,45,-63
North America / Canada / Nova Scotia / Bear River,North America,Canada,Nova Scotia,Bear River,,east-canada,east-canada,sept-iles,50.216667,-66.383333,nova_scotia,long_lake,45,-63
North America / Canada / Nova Scotia / Meteghan,North America,Canada,Nova Scotia,Meteghan,,east-canada,east-canada,sept-iles,50.216667,-66.383333,nova_scotia,long_lake,45,-63
North America / Canada / Prince Edward Island / Darnley,North America,Canada,Prince Edward Island,Darnley,,east-canada,east-canada,sept-iles,50.216667,-66.383333,prince_edward_island,milton_station,46.295,-63.221
North America / Canada / Nova Scotia / Grand Pr?,North America,Canada,Nova Scotia,Grand Pr?,,east-canada,east-canada,sept-iles,50.216667,-66.383333,nova_scotia,long_lake,45,-63
North America / Canada / Prince Edward Island / Richmond,North America,Canada,Prince Edward Island,Richmond,,east-canada,east-canada,sept-iles,50.216667,-66.383333,prince_edward_island,milton_station,46.295,-63.221
North America / United States / Massachusetts / Plymouth,North America,United States,Massachusetts,Plymouth,,northeast-us,new-england,"northampton, ma",42.333333,-72.65,massachusetts,rutland,42.37712,-71.92526
North America / Canada / Nova Scotia / Meteghan Centre,North America,Canada,Nova Scotia,Meteghan Centre,,east-canada,east-canada,sept-iles,50.216667,-66.383333,nova_scotia,long_lake,45,-63
North America / Canada / Prince Edward Island / Albany,North America,Canada,Prince Edward Island,Albany,,east-canada,east-canada,sept-iles,50.216667,-66.383333,prince_edward_island,milton_station,46.295,-63.221
North America / Canada / Newfoundland and Labrador / Atlantic Ocean,North America,Canada,Newfoundland and Labrador,Atlantic Ocean,,east-canada,east-canada,sept-iles,50.216667,-66.383333,newfoundland,happy_valley_goose_bay,53.23,-59.99992
Europe / Norway / Troms Fylke / Tromso,Europe,Norway,Troms Fylke,Tromso,,europe,scandinavia,ostersund,63.179167,14.635833,norway,unknown,63.99056,12.30778
Europe / United Kingdom / England,Europe,United Kingdom,England,,,europe,united-kingdom,bowland_forest_high,54.00366,-2.547855,united-kingdom,bowland_forest_high,54.00366,-2.547855
Europe / Norway / Finnmark Fylke / Vadso,Europe,Norway,Finnmark Fylke,Vadso,,europe,scandinavia,ostersund,63.179167,14.635833,norway,unknown,63.99056,12.30778
Europe / Norway / Nordland Fylke / Somna,Europe,Norway,Nordland Fylke,Somna,,europe,scandinavia,ostersund,63.179167,14.635833,norway,unknown,63.99056,12.30778
Europe / Norway / Finnmark Fylke / Vadso / Finnmark,Europe,Norway,Finnmark Fylke,Vadso,Finnmark,europe,scandinavia,ostersund,63.179167,14.635833,norway,unknown,63.99056,12.30778
Europe / Norway / Troms Fylke / Storfjord / Skibotn,Europe,Norway,Troms Fylke,Storfjord,Skibotn,europe,scandinavia,ostersund,63.179167,14.635833,norway,unknown,63.99056,12.30778
North America / Canada / Prince Edward Island / Murray Harbour,North America,Canada,Prince Edward Island,Murray Harbour,,east-canada,east-canada,sept-iles,50.216667,-66.383333,prince_edward_island,milton_station,46.295,-63.221
Europe / Norway / Finnmark Fylke / Finnmark,Europe,Norway,Finnmark Fylke,Finnmark,,europe,scandinavia,ostersund,63.179167,14.635833,norway,unknown,63.99056,12.30778
North America / United States,North America,United States,,,,unknown,new-england,"northampton, ma",42.333333,-72.65,unknown,,,
Europe / Norway / Rogaland Fylke / Klepp,Europe,Norway,Rogaland Fylke,Klepp,,europe,scandinavia,ostersund,63.179167,14.635833,norway,unknown,63.99056,12.30778
North America / United States / Washington,North America,United States,Washington,,,northwest-us,washington,"wenatchee, wa",47.3822,-120.4505,washington,wenatchee,47.3822,-120.4505
Europe / Norway / Nordland Fylke / Meloy / Reipa,Europe,Norway,Nordland Fylke,Meloy,Reipa,europe,scandinavia,ostersund,63.179167,14.635833,norway,unknown,63.99056,12.30778
North America / Canada / Prince Edward Island / Charlottetown,North America,Canada,Prince Edward Island,Charlottetown,,east-canada,east-canada,sept-iles,50.216667,-66.383333,prince_edward_island,milton_station,46.295,-63.221
Asia / Japan / Hokkaido,Asia,Japan,Hokkaido,,,asia,japan,tatsuno,36,138,japan,tatsuno,36,138
Europe / Netherlands / Provincie Friesland,Europe,Netherlands,Provincie Friesland,,,europe,western-europe,luxembourg,49.6114,6.13,netherlands,putten,52.266667,5.6
North America / Canada / Nova Scotia / Sydney,North America,Canada,Nova Scotia,Sydney,,east-canada,east-canada,sept-iles,50.216667,-66.383333,nova_scotia,long_lake,45,-63
North America / Canada / Nova Scotia / Upper Nappan,North America,Canada,Nova Scotia,Upper Nappan,,east-canada,east-canada,sept-iles,50.216667,-66.383333,nova_scotia,long_lake,45,-63
Europe / Norway / Finnmark Fylke / Batsfjord,Europe,Norway,Finnmark Fylke,Batsfjord,,europe,scandinavia,ostersund,63.179167,14.635833,norway,unknown,63.99056,12.30778
North America / United States / Massachusetts / Nantucket,North America,United States,Massachusetts,Nantucket,,northeast-us,new-england,"northampton, ma",42.333333,-72.65,massachusetts,rutland,42.37712,-71.92526
Europe / Norway / Sor-Trondelag Fylke / Hitra / Sor-Trondalag,Europe,Norway,Sor-Trondelag Fylke,Hitra,Sor-Trondalag,europe,scandinavia,ostersund,63.179167,14.635833,norway,unknown,63.99056,12.30778
Europe / Russian Federation / Republic of Kalmykia,Europe,Russian Federation,Republic of Kalmykia,,,europe,russia,lake_vivi,66.755,93.85,russia,lake_vivi,66.755,93.85
Europe / Russian Federation,Europe,Russian Federation,,,,europe,russia,lake_vivi,66.755,93.85,russia,lake_vivi,66.755,93.85
Europe / United Kingdom / Scotland,Europe,United Kingdom,Scotland,,,europe,united-kingdom,bowland_forest_high,54.00366,-2.547855,united-kingdom,bowland_forest_high,54.00366,-2.547855
Asia / Japan / Hokkaido / Sapporo,Asia,Japan,Hokkaido,Sapporo,,asia,japan,tatsuno,36,138,japan,tatsuno,36,138
Europe / Norway / Nordland Fylke / Oksnes,Europe,Norway,Nordland Fylke,Oksnes,,europe,scandinavia,ostersund,63.179167,14.635833,norway,unknown,63.99056,12.30778
North America / Canada / Nova Scotia / Wolfville,North America,Canada,Nova Scotia,Wolfville,,east-canada,east-canada,sept-iles,50.216667,-66.383333,nova_scotia,long_lake,45,-63
Europe / Norway / Sogn og Fjordane Fylke / Hoyanger Herad,Europe,Norway,Sogn og Fjordane Fylke,Hoyanger Herad,,europe,scandinavia,ostersund,63.179167,14.635833,norway,unknown,63.99056,12.30778
"Europe / Netherlands / Provincie Noord-Holland / Texel, Ferry Harbour",Europe,Netherlands,Provincie Noord-Holland,"Texel, Ferry Harbour",,europe,western-europe,luxembourg,49.6114,6.13,netherlands,putten,52.266667,5.6
Europe / Norway / Sogn og Fjordane Fylke / Askvoll,Europe,Norway,Sogn og Fjordane Fylke,Askvoll,,europe,scandinavia,ostersund,63.179167,14.635833,norway,unknown,63.99056,12.30778
North America / Canada / Newfoundland and Labrador / Mobile,North America,Canada,Newfoundland and Labrador,Mobile,,east-canada,east-canada,sept-iles,50.216667,-66.383333,newfoundland,happy_valley_goose_bay,53.23,-59.99992
North America / United States / Massachusetts / Hudson,North America,United States,Massachusetts,Hudson,,northeast-us,new-england,"northampton, ma",42.333333,-72.65,massachusetts,rutland,42.37712,-71.92526
North America / Canada / Nova Scotia / Eastern Passage,North America,Canada,Nova Scotia,Eastern Passage,,east-canada,east-canada,sept-iles,50.216667,-66.383333,nova_scotia,long_lake,45,-63
North America / Canada / Nova Scotia / Fergusons Cove,North America,Canada,Nova Scotia,Fergusons Cove,,east-canada,east-canada,sept-iles,50.216667,-66.383333,nova_scotia,long_lake,45,-63
North America / Canada / Prince Edward Island / Cornwall,North America,Canada,Prince Edward Island,Cornwall,,east-canada,east-canada,sept-iles,50.216667,-66.383333,prince_edward_island,milton_station,46.295,-63.221
"Europe / Netherlands / Provincie Noord-Holland / Texel, Paal 6",Europe,Netherlands,Provincie Noord-Holland,"Texel, Paal 6",,europe,western-europe,luxembourg,49.6114,6.13,netherlands,putten,52.266667,5.6
North America / United States / Massachusetts / Essex / Lawrence,North America,United States,Massachusetts,Essex,Lawrence,northeast-us,new-england,"northampton, ma",42.333333,-72.65,massachusetts,rutland,42.37712,-71.92526
Europe / Finland,Europe,Finland,,,,europe,scandinavia,ostersund,63.179167,14.635833,finland,lake_oulujarvi,64.33333,27.25
Europe / Germany,Europe,Germany,,,,europe,western-europe,luxembourg,49.6114,6.13,germany,blankenbach,51,10
North America / Canada / Ontario / Picton,North America,Canada,Ontario,Picton,,east-canada,east-canada,sept-iles,50.216667,-66.383333,ontario,hornepayne,49.25,-84.5
North America / Canada / Quebec / Saint-Antoine-de-Tilly,North America,Canada,Quebec,Saint-Antoine-de-Tilly,,east-canada,east-canada,sept-iles,50.216667,-66.383333,quebec,unknown,52,-72
Europe / Norway / More og Romsdal Fylke / Smola / Hustadvika,Europe,Norway,More og Romsdal Fylke,Smola,Hustadvika,europe,scandinavia,ostersund,63.179167,14.635833,norway,unknown,63.99056,12.30778
North America / Canada / Newfoundland and Labrador / Point Lance,North America,Canada,Newfoundland and Labrador,Point Lance,,east-canada,east-canada,sept-iles,50.216667,-66.383333,newfoundland,happy_valley_goose_bay,53.23,-59.99992
North America / Canada / Prince Edward Island / Meadowbank,North America,Canada,Prince Edward Island,Meadowbank,,east-canada,east-canada,sept-iles,50.216667,-66.383333,prince_edward_island,milton_station,46.295,-63.221
North America / Canada / Nunavut / Resolute Bay,North America,Canada,Nunavut,Resolute Bay,,north-canada,north-canada,southampton_island,64.333333,-84.666667,nunavut,southampton_island,64.333333,-84.666667
"Europe / Netherlands / Provincie Noord-Holland / Texel, Paal 15",Europe,Netherlands,Provincie Noord-Holland,"Texel, Paal 15",,europe,western-europe,luxembourg,49.6114,6.13,netherlands,putten,52.266667,5.6
North America / Canada / Nova Scotia / Port Williams,North America,Canada,Nova Scotia,Port Williams,,east-canada,east-canada,sept-iles,50.216667,-66.383333,nova_scotia,long_lake,45,-63
North America / Canada / Nova Scotia / Port Caledonia,North America,Canada,Nova Scotia,Port Caledonia,,east-canada,east-canada,sept-iles,50.216667,-66.383333,nova_scotia,long_lake,45,-63
Europe / Norway / Troms Fylke / Kvaenangen,Europe,Norway,Troms Fylke,Kvaenangen,,europe,scandinavia,ostersund,63.179167,14.635833,norway,unknown,63.99056,12.30778
North America / United States / Massachusetts / South Orleans,North America,United States,Massachusetts,South Orleans,,northeast-us,new-england,"northampton, ma",42.333333,-72.65,massachusetts,rutland,42.37712,-71.92526
Europe / Norway / Rogaland Fylke / Stavanger,Europe,Norway,Rogaland Fylke,Stavanger,,europe,scandinavia,ostersund,63.179167,14.635833,norway,unknown,63.99056,12.30778
North America / Canada / Prince Edward Island / Sea View,North America,Canada,Prince Edward Island,Sea View,,east-canada,east-canada,sept-iles,50.216667,-66.383333,prince_edward_island,milton_station,46.295,-63.221
Europe / Svalbard and Jan Mayen,Europe,Svalbard and Jan Mayen,,,,europe,svalbard,barents_island,78.6352,21.9939,svalbard,barents_island,78.6352,21.9939
Asia / Japan / Iwate,Asia,Japan,Iwate,,,asia,japan,tatsuno,36,138,japan,tatsuno,36,138
Europe / Norway / Troms Fylke / Senja,Europe,Norway,Troms Fylke,Senja,,europe,scandinavia,ostersund,63.179167,14.635833,norway,unknown,63.99056,12.30778
Europe / Netherlands / Provincie Noord-Holland,Europe,Netherlands,Provincie Noord-Holland,,,europe,western-europe,luxembourg,49.6114,6.13,netherlands,putten,52.266667,5.6
North America / Canada / Newfoundland and Labrador / Middle Cove Beach,North America,Canada,Newfoundland and Labrador,Middle Cove Beach,,east-canada,east-canada,sept-iles,50.216667,-66.383333,newfoundland,happy_valley_goose_bay,53.23,-59.99992
North America / Canada / Newfoundland and Labrador / Upper Gullies,North America,Canada,Newfoundland and Labrador,Upper Gullies,,east-canada,east-canada,sept-iles,50.216667,-66.383333,newfoundland,happy_valley_goose_bay,53.23,-59.99992
North America / Canada / Newfoundland and Labrador / Wings Point,North America,Canada,Newfoundland and Labrador,Wings Point,,east-canada,east-canada,sept-iles,50.216667,-66.383333,newfoundland,happy_valley_goose_bay,53.23,-59.99992
Europe / Svalbard and Jan Mayen / Svalbard,Europe,Svalbard and Jan Mayen,Svalbard,,,europe,svalbard,barents_island,78.6352,21.9939,svalbard,barents_island,78.6352,21.9939
Europe / Norway / Finnmark Fylke / Hasvik,Europe,Norway,Finnmark Fylke,Hasvik,,europe,scandinavia,ostersund,63.179167,14.635833,norway,unknown,63.99056,12.30778
North America / Canada / Newfoundland and Labrador / St. John's,North America,Canada,Newfoundland and Labrador,St. John's,,east-canada,east-canada,sept-iles,50.216667,-66.383333,newfoundland,happy_valley_goose_bay,53.23,-59.99992
North America / Canada / Nova Scotia / Halifax,North America,Canada,Nova Scotia,Halifax,,east-canada,east-canada,sept-iles,50.216667,-66.383333,nova_scotia,long_lake,45,-63
Asia / Japan / Iwate / Ofunato,Asia,Japan,Iwate,Ofunato,,asia,japan,tatsuno,36,138,japan,tatsuno,36,138
North America / Canada / Prince Edward Island / Summerside,North America,Canada,Prince Edward Island,Summerside,,east-canada,east-canada,sept-iles,50.216667,-66.383333,prince_edward_island,milton_station,46.295,-63.221
North America / Canada / Nova Scotia / Middle West Pubnico,North America,Canada,Nova Scotia,Middle West Pubnico,,east-canada,east-canada,sept-iles,50.216667,-66.383333,nova_scotia,long_lake,45,-63
North America / Canada / New Brunswick / Saint John,North America,Canada,New Brunswick,Saint John,,east-canada,east-canada,sept-iles,50.216667,-66.383333,new_brunswick,unknown,46.5,-66
North America / United States / Massachusetts / Muskeget,North America,United States,Massachusetts,Muskeget,,northeast-us,new-england,"northampton, ma",42.333333,-72.65,massachusetts,rutland,42.37712,-71.92526
North America / United States / Massachusetts / Dennis,North America,United States,Massachusetts,Dennis,,northeast-us,new-england,"northampton, ma",42.333333,-72.65,massachusetts,rutland,42.37712,-71.92526
North America / United States / Massachusetts / New Bedford,North America,United States,Massachusetts,New Bedford,,northeast-us,new-england,"northampton, ma",42.333333,-72.65,massachusetts,rutland,42.37712,-71.92526
North America / United States / Alaska,North America,United States,Alaska,,,northwest-us,alaska,"tanana, ak",64.731667,-152.47,alaska,tanana,64.731667,-152.47
North America / United States / Ohio,North America,United States,Ohio,,,northeast-us,ohio,"condit, oh",40.2863,-82.7938,ohio,condit,40.2863,-82.7938
"Europe / Svalbard and Jan Mayen / Svalbard, Barentsburg",Europe,Svalbard and Jan Mayen,Svalbard,,,europe,svalbard,barents_island,78.6352,21.9939,svalbard,barents_island,78.6352,21.9939
North America / United States / Massachusetts,North America,United States,Massachusetts,,,northeast-us,new-england,"northampton, ma",42.333333,-72.65,massachusetts,rutland,42.37712,-71.92526
North America / United States / Washington ,North America,United States,Washington,,,northwest-us,washington,"wenatchee, wa",47.3822,-120.4505,washington,wenatchee,47.3822,-120.4505
Europe / Svalbard and Jan Mayen / Jan Mayen,Europe,Svalbard and Jan Mayen,Jan Mayen,,,europe,svalbard,barents_island,78.6352,21.9939,svalbard,barents_island,78.6352,21.9939
Europe / Svalbard and Jan Mayen / Vindodden,Europe,Svalbard and Jan Mayen,Vindodden,,,europe,svalbard,barents_island,78.6352,21.9939,svalbard,barents_island,78.6352,21.9939
Europe / Denmark / Region Nordjylland,Europe,Denmark,Region Nordjylland,,,europe,scandinavia,ostersund,63.179167,14.635833,denmark,virring,56,10
North America / United States / Connecticut,North America,United States,Connecticut,,,northeast-us,new-england,"northampton, ma",42.333333,-72.65,connecticut,berlin,41.61389,-72.7725
North America / United States / Massachusetts / North Eastham,North America,United States,Massachusetts,North Eastham,,northeast-us,new-england,"northampton, ma",42.333333,-72.65,massachusetts,rutland,42.37712,-71.92526