"We gratefully acknowledge the authors, originating and submitting laboratories of the sequences from GISAIDÕs EpiFluª Database on which this research is based. The list is detailed below.",,,
All submitters of data may be contacted directly via www.gisaid.org,,,
,,,
Isolate ID,Name,Originating Lab,Submitting Lab
EPI_ISL_18855708,A/Herring_gull/Norway/2022-07-897-4/2022,Norwegian Veterinary Institute,Norwegian Veterinary Institute
EPI_ISL_19711785,A/white-tailed_eagle/Finland/8258/2022,Finnish Food Authority,Finnish Food Authority
EPI_ISL_18855701,A/Common_gull/Norway/2022-07-897-3/2022,Norwegian Veterinary Institute,Norwegian Veterinary Institute
EPI_ISL_18792212,A/large-billed_crow/Hokkaido/B073/2024,"Graduate School of Veterinary Medicine, Hokkaido University","Graduate School of Veterinary Medicine, Hokkaido University"
EPI_ISL_19736870,A/turkey_vulture/Massachusetts/014126-069/2024,"USDA, APHIS, Veterinary Services, Diagnostic Virology Laboratory, National Veterinary Services Laboratories",
EPI_ISL_19561786,A/Duck/Norway/2024-07-3002-2/2024,Norwegian Veterinary Institute,Norwegian Veterinary Institute
EPI_ISL_19561787,A/Gull/Norway/2024-07-3000-2/2024,Norwegian Veterinary Institute,Norwegian Veterinary Institute
EPI_ISL_20094752,A/common_raven/USA/019390-017/2025,"USDA, APHIS, Veterinary Services, Diagnostic Virology Laboratory, National Veterinary Services Laboratories",
EPI_ISL_18837770,A/large-billed_crow/Hokkaido/0112F066T/2023,National Institute of Animal Health,National Agriculture and Food Research Organization
EPI_ISL_19055418,A/large-billed_crow/Iwate/0302G005/2024,"Graduate School of Veterinary Medicine, Hokkaido University","Graduate School of Veterinary Medicine, Hokkaido University"
EPI_ISL_19055419,A/large-billed_crow/Iwate/0302G006/2024,"Graduate School of Veterinary Medicine, Hokkaido University","Graduate School of Veterinary Medicine, Hokkaido University"
EPI_ISL_19055417,A/large-billed_crow/Iwate/0302G004/2024,"Graduate School of Veterinary Medicine, Hokkaido University","Graduate School of Veterinary Medicine, Hokkaido University"
EPI_ISL_19561783,A/Chicken/Norway/2024-07-3002-5/2024,Norwegian Veterinary Institute,Norwegian Veterinary Institute
EPI_ISL_19055420,A/large-billed_crow/Iwate/0303G001/2024,"Graduate School of Veterinary Medicine, Hokkaido University","Graduate School of Veterinary Medicine, Hokkaido University"
EPI_ISL_20094765,A/great_black-backed_gull/USA/019390-018/2025,"USDA, APHIS, Veterinary Services, Diagnostic Virology Laboratory, National Veterinary Services Laboratories",
EPI_ISL_19736843,A/great_black-backed_gull/Massachusetts/004865-020/2024,"USDA, APHIS, Veterinary Services, Diagnostic Virology Laboratory, National Veterinary Services Laboratories",
EPI_ISL_19737349,A/great_black-backed_gull/Massachusetts/000869-003/2023,"USDA, APHIS, Veterinary Services, Diagnostic Virology Laboratory, National Veterinary Services Laboratories",
EPI_ISL_20364549,A/large-billed_crow/Hokkaido/B254/2026,"Graduate School of Veterinary Medicine, Hokkaido University","Graduate School of Veterinary Medicine, Hokkaido University"
EPI_ISL_19736858,A/great_black-backed_gull/Massachusetts/015884-021/2023,"USDA, APHIS, Veterinary Services, Diagnostic Virology Laboratory, National Veterinary Services Laboratories",
EPI_ISL_19880213,A/Red_fox/Norway/2025-80-74/2025,Norwegian Veterinary Institute,Norwegian Veterinary Institute
EPI_ISL_19385629,A/large-billed_crow/Hokkaido/B119/2024,"Graduate School of Veterinary Medicine, Hokkaido University","Graduate School of Veterinary Medicine, Hokkaido University"
EPI_ISL_19736854,A/herring_gull/Maine/037519-001/2023,"USDA, APHIS, Veterinary Services, Diagnostic Virology Laboratory, National Veterinary Services Laboratories",
EPI_ISL_19385628,A/large-billed_crow/Hokkaido/B117/2024,"Graduate School of Veterinary Medicine, Hokkaido University","Graduate School of Veterinary Medicine, Hokkaido University"
EPI_ISL_19385627,A/large-billed_crow/Hokkaido/B115/2024,"Graduate School of Veterinary Medicine, Hokkaido University","Graduate School of Veterinary Medicine, Hokkaido University"
EPI_ISL_19800935,A/Barn_Owl/Scotland/014863/2025,Animal and Plant Health Agency (APHA),Animal and Plant Health Agency (APHA)
EPI_ISL_19596152,A/Crow/Norway/2024-07-3052-K/2024,Norwegian Veterinary Institute,Norwegian Veterinary Institute
EPI_ISL_20252012,A/Washington/2148/2025,University of Washington Virology,
EPI_ISL_20329832,A/environment/Washington/04434-001-v/2025,"USDA, APHIS, Veterinary Services, Diagnostic Virology Laboratory, National Veterinary Services Laboratories",
EPI_ISL_19614580,A/Gull/Norway/2024-07-3071-1/2024,Norwegian Veterinary Institute,Norwegian Veterinary Institute
EPI_ISL_20068179,A/Red_Fox/Norway/2025-80-74-1-15/2025,Norwegian Veterinary Institute,Norwegian Veterinary Institute
EPI_ISL_19907403,A/Raven/Norway/2025-07-1040-1-1/2025,Norwegian Veterinary Institute,Norwegian Veterinary Institute
EPI_ISL_19755851,A/american_crow/USA/003298-003/2025,"USDA, APHIS, Veterinary Services, Diagnostic Virology Laboratory, National Veterinary Services Laboratories",
EPI_ISL_19736906,A/red-tailed_hawk/Massachusetts/014126-021/2024,"USDA, APHIS, Veterinary Services, Diagnostic Virology Laboratory, National Veterinary Services Laboratories",
EPI_ISL_19696452,A/Black-headed_Gull/Netherlands/24030889-002/2024,Wageningen Bioveterinary Research,Wageningen Bioveterinary Research
EPI_ISL_19385175,A/large-billed_crow/Hokkaido/B088/2024,"Graduate School of Veterinary Medicine, Hokkaido University","Graduate School of Veterinary Medicine, Hokkaido University"
EPI_ISL_19385179,A/large-billed_crow/Hokkaido/B107/2024,"Graduate School of Veterinary Medicine, Hokkaido University","Graduate School of Veterinary Medicine, Hokkaido University"
EPI_ISL_19174744,A/large-billed_crow/Hokkaido/B157/2024,"Graduate School of Veterinary Medicine, Hokkaido University","Graduate School of Veterinary Medicine, Hokkaido University"
EPI_ISL_19385178,A/large-billed_crow/Hokkaido/B105/2024,"Graduate School of Veterinary Medicine, Hokkaido University","Graduate School of Veterinary Medicine, Hokkaido University"
EPI_ISL_19385177,A/large-billed_crow/Hokkaido/B092/2024,"Graduate School of Veterinary Medicine, Hokkaido University","Graduate School of Veterinary Medicine, Hokkaido University"
EPI_ISL_19736914,A/great_black-backed_gull/Massachusetts/015884-003/2023,"USDA, APHIS, Veterinary Services, Diagnostic Virology Laboratory, National Veterinary Services Laboratories",
EPI_ISL_19385176,A/large-billed_crow/Hokkaido/B089/2024,"Graduate School of Veterinary Medicine, Hokkaido University","Graduate School of Veterinary Medicine, Hokkaido University"
EPI_ISL_18454937,A/Glaucous_gull/Norway/2022-07-1148/2022,Norwegian Veterinary Institute,Norwegian Veterinary Institute
EPI_ISL_18963363,A/Glaucous_gull/Norway/2022-07-1148-S_/2022,Norwegian Veterinary Institute,Norwegian Veterinary Institute
EPI_ISL_19610543,A/Common_Buzzard/Netherlands/24030131-001/2024,Wageningen Bioveterinary Research,Wageningen Bioveterinary Research
EPI_ISL_18963365,A/Great_skua/Norway/2022-07-1486-4/2022,Norwegian Veterinary Institute,Norwegian Veterinary Institute
EPI_ISL_18963364,A/Great_skua/Norway/2022-07-1486-3/2022,Norwegian Veterinary Institute,Norwegian Veterinary Institute
EPI_ISL_18963366,A/Great_skua/Norway/2022-07-1486-5/2022,Norwegian Veterinary Institute,Norwegian Veterinary Institute
EPI_ISL_18963370,A/Glaucous_gull/Norway/2023-07-1149/2023,Norwegian Veterinary Institute,Norwegian Veterinary Institute
EPI_ISL_20127651,A/Common_gull/Norway/2025-07-1759-1-1/2025,Norwegian Veterinary Institute,Norwegian Veterinary Institute
EPI_ISL_19410360,A/Great_Skua/Scotland/037580/2024,Animal and Plant Health Agency (APHA),Animal and Plant Health Agency (APHA)
EPI_ISL_20127650,A/Arctic_fox/Norway/2025-04-19222-3-2/2025,Norwegian Veterinary Institute,Norwegian Veterinary Institute
EPI_ISL_19410361,A/herring_gull/England/134425/2024,Animal and Plant Health Agency (APHA),Animal and Plant Health Agency (APHA)
EPI_ISL_19410362,A/red_kite/Scotland/011791/2024,Animal and Plant Health Agency (APHA),Animal and Plant Health Agency (APHA)
EPI_ISL_19410363,A/common_buzzard/Scotland/008830/2024,Animal and Plant Health Agency (APHA),Animal and Plant Health Agency (APHA)
EPI_ISL_19410356,A/Great_Black_Backed_Gull/Scotland/034087/2024,Animal and Plant Health Agency (APHA),Animal and Plant Health Agency (APHA)
EPI_ISL_19410357,A/Great_Skua/Scotland/036477/2024,Animal and Plant Health Agency (APHA),Animal and Plant Health Agency (APHA)
EPI_ISL_19410358,A/Great_Skua/Scotland/036478/2024,Animal and Plant Health Agency (APHA),Animal and Plant Health Agency (APHA)
EPI_ISL_18963391,A/Sand_piper/Norway/2023-07-2521/2023,Norwegian Veterinary Institute,Norwegian Veterinary Institute
EPI_ISL_19510710,A/Gull/Norway/2024-07-2684-1/2024,Norwegian Veterinary Institute,Norwegian Veterinary Institute
EPI_ISL_19704717,A/Black-legged_Kittiwake/Iceland/2025AI00596/2024,"University of Iceland, Keldur",Friedrich-Loeffler-Institut
EPI_ISL_19704719,A/cat/Iceland/2025AI00605/2024,"University of Iceland, Keldur",Friedrich-Loeffler-Institut
EPI_ISL_19756937,A/Seal/England/011870/2025,Animal and Plant Health Agency (APHA),Animal and Plant Health Agency (APHA)
EPI_ISL_19756936,A/Seal/England/011869/2025,Animal and Plant Health Agency (APHA),Animal and Plant Health Agency (APHA)
EPI_ISL_19704713,A/Turkey/Iceland/2024AI05124/2024,"University of Iceland, Keldur",Friedrich-Loeffler-Institut
EPI_ISL_19704708,A/Common_raven/Iceland/2024AI04842/2024,"University of Iceland, Keldur",Friedrich-Loeffler-Institut
EPI_ISL_20216223,A/Glaucous_gull/Norway/2025-07-2990-5-1/2025,Norwegian Veterinary Institute,Norwegian Veterinary Institute
EPI_ISL_19704711,A/European_herring_gull/Iceland/2024AI05120/2024,"University of Iceland, Keldur",Friedrich-Loeffler-Institut
EPI_ISL_19661724,A/Lynx/Norway/2024-04-36256/2024,Norwegian Veterinary Institute,Norwegian Veterinary Institute
EPI_ISL_19232151,A/Red_fox/Norway/2024-80-16-1/2024,Norwegian Veterinary Institute,Norwegian Veterinary Institute
EPI_ISL_19232150,A/Red_fox/Norway/2024-80-12-1/2024,Norwegian Veterinary Institute,Norwegian Veterinary Institute
EPI_ISL_19701146,A/Otter/Norway/2024-80-165/2024,Norwegian Veterinary Institute,Norwegian Veterinary Institute
EPI_ISL_20180979,A/Arctic_fox/Norway/2025-04-21457-1-4/2025,Norwegian Veterinary Institute,Norwegian Veterinary Institute
EPI_ISL_20067314,A/Bald_Eagle/NS/FAV-0157-3/2025,"Atlantic Veterinary College, University of Prince Edward Island",Canadian Food Inspection Agency
EPI_ISL_19521513,A/Great_Black-Backed_Gull/Scotland/043865/2024,Animal and Plant Health Agency (APHA),Animal and Plant Health Agency (APHA)
EPI_ISL_18877920,A/Northern_gannet/Norway/2022-07-1233-1/2022,Norwegian Veterinary Institute,Norwegian Veterinary Institute
EPI_ISL_19521512,A/Great_Black-Backed_Gull/Scotland/043863/2024,Animal and Plant Health Agency (APHA),Animal and Plant Health Agency (APHA)
EPI_ISL_20067312,A/American_Crow/NS/FAV-0157-2/2025,"Atlantic Veterinary College, University of Prince Edward Island",Canadian Food Inspection Agency
EPI_ISL_19521515,A/Great_Skua/Scotland/043869/2024,Animal and Plant Health Agency (APHA),Animal and Plant Health Agency (APHA)
EPI_ISL_19234791,A/Gull/Norway/2023-07-2935-1/2023,Norwegian Veterinary Institute,Norwegian Veterinary Institute
EPI_ISL_18968547,A/large-billed_crow/Hokkaido/B090/2024,"Graduate School of Veterinary Medicine, Hokkaido University","Graduate School of Veterinary Medicine, Hokkaido University"
EPI_ISL_18877922,A/Great_skua/Norway/2022-07-1486-1/2022,Norwegian Veterinary Institute,Norwegian Veterinary Institute
EPI_ISL_19521514,A/Great_Black-Backed_Gull/Scotland/043866/2024,Animal and Plant Health Agency (APHA),Animal and Plant Health Agency (APHA)
EPI_ISL_18968546,A/large-billed_crow/Hokkaido/B082/2024,"Graduate School of Veterinary Medicine, Hokkaido University","Graduate School of Veterinary Medicine, Hokkaido University"
EPI_ISL_19521517,A/Black_Headed_Gull/England/045994/2024,Animal and Plant Health Agency (APHA),Animal and Plant Health Agency (APHA)
EPI_ISL_18968549,A/crow/Hokkaido/B094/2024,"Graduate School of Veterinary Medicine, Hokkaido University","Graduate School of Veterinary Medicine, Hokkaido University"
EPI_ISL_19521516,A/Pheasant/England/044085/2024,Animal and Plant Health Agency (APHA),Animal and Plant Health Agency (APHA)
EPI_ISL_19521519,A/Common_Gull/England/140529/2024,Animal and Plant Health Agency (APHA),Animal and Plant Health Agency (APHA)
EPI_ISL_20067317,A/Raccoon/NB/FAV-0157-4/2025,"Atlantic Veterinary College, University of Prince Edward Island",Canadian Food Inspection Agency
EPI_ISL_19521518,A/Common_Gull/England/140522/2024,Animal and Plant Health Agency (APHA),Animal and Plant Health Agency (APHA)
EPI_ISL_18968550,A/large-billed_crow/Hokkaido/B098/2024,"Graduate School of Veterinary Medicine, Hokkaido University","Graduate School of Veterinary Medicine, Hokkaido University"
EPI_ISL_20067322,A/Great_Black-Backed_Gull/NS/FAV-0186-1/2025,"Atlantic Veterinary College, University of Prince Edward Island",Canadian Food Inspection Agency
EPI_ISL_20067320,A/Red_Fox/NS/FAV-0171-1/2025,"Atlantic Veterinary College, University of Prince Edward Island",Canadian Food Inspection Agency
EPI_ISL_20067327,A/Great_Black-Backed_Gull/NS/FAV-0186-4/2025,"Atlantic Veterinary College, University of Prince Edward Island",Canadian Food Inspection Agency
EPI_ISL_19055087,A/large-billed_crow/Hokkaido/B120/2024,"Graduate School of Veterinary Medicine, Hokkaido University","Graduate School of Veterinary Medicine, Hokkaido University"
EPI_ISL_19521511,A/Great_Skua/Scotland/043851/2024,Animal and Plant Health Agency (APHA),Animal and Plant Health Agency (APHA)
EPI_ISL_20067325,A/Great_Black-Backed_Gull/NS/FAV-0186-2/2025,"Atlantic Veterinary College, University of Prince Edward Island",Canadian Food Inspection Agency
EPI_ISL_19521510,A/Great_Skua/Scotland/043850/2024,Animal and Plant Health Agency (APHA),Animal and Plant Health Agency (APHA)
EPI_ISL_20067298,A/Herring_Gull/NS/FAV-0124-7/2025,"Atlantic Veterinary College, University of Prince Edward Island",Canadian Food Inspection Agency
EPI_ISL_19521529,A/Great_Black_Backed_Gull/Scotland/044475/2024,Animal and Plant Health Agency (APHA),Animal and Plant Health Agency (APHA)
EPI_ISL_19521528,A/Great_Black_Backed_Gull/England/046080/2024,Animal and Plant Health Agency (APHA),Animal and Plant Health Agency (APHA)
EPI_ISL_20067296,A/American_Crow/PEI/FAV-0124-6/2025,"Atlantic Veterinary College, University of Prince Edward Island",Canadian Food Inspection Agency
EPI_ISL_19521530,A/Great_Black_Backed_Gull/Scotland/044478/2024,Animal and Plant Health Agency (APHA),Animal and Plant Health Agency (APHA)
EPI_ISL_19521533,A/Herring_Gull/England/140537/2024,Animal and Plant Health Agency (APHA),Animal and Plant Health Agency (APHA)
EPI_ISL_20067303,A/American_Crow/NS/FAV-0132-1/2025,"Atlantic Veterinary College, University of Prince Edward Island",Canadian Food Inspection Agency
EPI_ISL_19521532,A/Herring_Gull/England/140534/2024,Animal and Plant Health Agency (APHA),Animal and Plant Health Agency (APHA)
EPI_ISL_20067300,A/Striped_Skunk/PEI/FAV-0128-4/2025,"Atlantic Veterinary College, University of Prince Edward Island",Canadian Food Inspection Agency
EPI_ISL_19521535,A/Herring_Gull/England/140826/2024,Animal and Plant Health Agency (APHA),Animal and Plant Health Agency (APHA)
EPI_ISL_19521534,A/Herring_Gull/England/140706/2024,Animal and Plant Health Agency (APHA),Animal and Plant Health Agency (APHA)
EPI_ISL_19521521,A/Fulmar/England/140689/2024,Animal and Plant Health Agency (APHA),Animal and Plant Health Agency (APHA)
EPI_ISL_20067307,A/Cat/PEI/FAV-0136-1/2025,"Atlantic Veterinary College, University of Prince Edward Island",Canadian Food Inspection Agency
EPI_ISL_19521520,A/Cormorant/England/281523/2024,Animal and Plant Health Agency (APHA),Animal and Plant Health Agency (APHA)
EPI_ISL_19521523,A/Fulmar/England/140710/2024,Animal and Plant Health Agency (APHA),Animal and Plant Health Agency (APHA)
EPI_ISL_20067305,A/American_Crow/NS/FAV-0132-2/2025,"Atlantic Veterinary College, University of Prince Edward Island",Canadian Food Inspection Agency
EPI_ISL_19521522,A/Fulmar/England/140702/2024,Animal and Plant Health Agency (APHA),Animal and Plant Health Agency (APHA)
EPI_ISL_20067310,A/American_Crow/ON/FAV-0152-1/2025,"Ontario Veterinary College, University of Guelph",Canadian Food Inspection Agency
EPI_ISL_19521525,A/Gannet/Scotland/046592/2024,Animal and Plant Health Agency (APHA),Animal and Plant Health Agency (APHA)
EPI_ISL_19521524,A/Fulmar/Scotland/045255/2024,Animal and Plant Health Agency (APHA),Animal and Plant Health Agency (APHA)
EPI_ISL_19809230,A/bufflehead/Massachusetts/007118-044/2025,"USDA, APHIS, Veterinary Services, Diagnostic Virology Laboratory, National Veterinary Services Laboratories",
EPI_ISL_19014082,A/European_Herring_Gull/Germany-SH/2024AI01287/2024,Friedrich-Loeffler-Institut,Friedrich-Loeffler-Institut
EPI_ISL_19014083,A/gull/Germany-NI/2024AI01280/2024,Friedrich-Loeffler-Institut,Friedrich-Loeffler-Institut
EPI_ISL_19712970,A/red-tailed_hawk/USA/001719-002/2025,"USDA, APHIS, Veterinary Services, Diagnostic Virology Laboratory, National Veterinary Services Laboratories",
EPI_ISL_19361216,A/Pine_Marten/Netherlands/1/2024,Erasmus Medical Center,Erasmus Medical Center
EPI_ISL_18838519,A/White-tailed_eagle/Norway/2024-07-14/2024,Norwegian Veterinary Institute,Norwegian Veterinary Institute
EPI_ISL_20067291,A/American_Crow/NS/FAV-0116-1/2025,"Atlantic Veterinary College, University of Prince Edward Island",Canadian Food Inspection Agency
EPI_ISL_20067289,A/Striped_Skunk/PEI/FAV-0091-1/2025,"Atlantic Veterinary College, University of Prince Edward Island",Canadian Food Inspection Agency
EPI_ISL_20067293,A/American_Crow/NS/FAV-0116-2/2025,"Atlantic Veterinary College, University of Prince Edward Island",Canadian Food Inspection Agency
EPI_ISL_18378733,A/Herring_Gull/England/123277/2023,Animal and Plant Health Agency (APHA),Animal and Plant Health Agency (APHA)
EPI_ISL_19776983,A/bald_eagle/USA/005188-001/2025,"USDA, APHIS, Veterinary Services, Diagnostic Virology Laboratory, National Veterinary Services Laboratories",
EPI_ISL_19901909,A/Gull/England/011857/2025,Animal and Plant Health Agency (APHA),Animal and Plant Health Agency (APHA)
EPI_ISL_19602385,A/Northern_Fulmar/Germany-NI/2024AI04273/2024,Friedrich-Loeffler-Institut,
EPI_ISL_19536849,A/Larus_canus/Belgium/14463_0003/2024_(H5N5),Sciensano - Animal Infectious Diseases,"Sciensano, Department of Animal Infectious Diseases"
EPI_ISL_19896367,A/Fulmar/England/016501/2025,Animal and Plant Health Agency (APHA),Animal and Plant Health Agency (APHA)
EPI_ISL_18961445,A/White-tailed_eagle/Norway/2023-07-2937-1/2023,Norwegian Veterinary Institute,Norwegian Veterinary Institute
EPI_ISL_19496992,A/large-billed_crow/Iwate/0303G006/2024,Tottori University,National Agriculture and Food Research Organization
EPI_ISL_19496994,A/large-billed_crow/Iwate/0303G007/2024,Tottori University,National Agriculture and Food Research Organization
EPI_ISL_19901984,A/Fulmar/England/016619/2025,Animal and Plant Health Agency (APHA),Animal and Plant Health Agency (APHA)
EPI_ISL_18830860,A/crow/Hokkaido/B075/2024,"Graduate School of Veterinary Medicine, Hokkaido University","Graduate School of Veterinary Medicine, Hokkaido University"
EPI_ISL_18830859,A/large-billed_crow/Hokkaido/B074/2024,"Graduate School of Veterinary Medicine, Hokkaido University","Graduate School of Veterinary Medicine, Hokkaido University"
EPI_ISL_18851332,A/Northern_goshawk/Norway/2023-07-184-1/2023,Norwegian Veterinary Institute,Norwegian Veterinary Institute
EPI_ISL_18838019,A/large-billed_crow/Hokkaido/0112F066C/2023,National Institute of Animal Health,National Agriculture and Food Research Organization
EPI_ISL_19016255,A/Sparrowhawk/England/133485/2024,Animal and Plant Health Agency (APHA),Animal and Plant Health Agency (APHA)
EPI_ISL_19510838,A/Great_black-backed_gull/Norway/2024-07-2502-1/2024,Norwegian Veterinary Institute,Norwegian Veterinary Institute
EPI_ISL_20145170,A/black_vulture/USA/021407-019/2025,"USDA, APHIS, Veterinary Services, Diagnostic Virology Laboratory, National Veterinary Services Laboratories",
EPI_ISL_20067347,A/Great_Black-Backed_Gull/NS/FAV-0188-11/2025,"Atlantic Veterinary College, University of Prince Edward Island",Canadian Food Inspection Agency
EPI_ISL_19521544,A/Herring_Gull/England/140439/2024,Animal and Plant Health Agency (APHA),Animal and Plant Health Agency (APHA)
EPI_ISL_19896333,A/Gannet/Scotland/046981/2024,Animal and Plant Health Agency (APHA),Animal and Plant Health Agency (APHA)
EPI_ISL_20067345,A/Herring_Gull/NS/FAV-0188-10/2025,"Atlantic Veterinary College, University of Prince Edward Island",Canadian Food Inspection Agency
EPI_ISL_20067350,A/Great_Black-Backed_Gull/NS/FAV-0188-2/2025,"Atlantic Veterinary College, University of Prince Edward Island",Canadian Food Inspection Agency
EPI_ISL_20230160,A/Arctic_fox/Norway/2025-04-19222-1-2/2025,Norwegian Veterinary Institute,Norwegian Veterinary Institute
EPI_ISL_20067351,A/Great_Black-Backed_Gull/NS/FAV-0188-3/2025,"Atlantic Veterinary College, University of Prince Edward Island",Canadian Food Inspection Agency
EPI_ISL_20067354,A/Great_Black-Backed_Gull/NS/FAV-0188-6/2025,"Atlantic Veterinary College, University of Prince Edward Island",Canadian Food Inspection Agency
EPI_ISL_19521537,A/Herring_Gull/England/141013/2024,Animal and Plant Health Agency (APHA),Animal and Plant Health Agency (APHA)
EPI_ISL_20067355,A/Great_Black-Backed_Gull/NS/FAV-0188-7/2025,"Atlantic Veterinary College, University of Prince Edward Island",Canadian Food Inspection Agency
EPI_ISL_19521536,A/Herring_Gull/England/141004/2024,Animal and Plant Health Agency (APHA),Animal and Plant Health Agency (APHA)
EPI_ISL_20067352,A/Great_Black-Backed_Gull/NS/FAV-0188-4/2025,"Atlantic Veterinary College, University of Prince Edward Island",Canadian Food Inspection Agency
EPI_ISL_19521539,A/Herring_Gull/England/141099/2024,Animal and Plant Health Agency (APHA),Animal and Plant Health Agency (APHA)
EPI_ISL_20067353,A/Great_Black-Backed_Gull/NS/FAV-0188-5/2025,"Atlantic Veterinary College, University of Prince Edward Island",Canadian Food Inspection Agency
EPI_ISL_19521538,A/Herring_Gull/England/141019/2024,Animal and Plant Health Agency (APHA),Animal and Plant Health Agency (APHA)
EPI_ISL_18860084,A/White-tailed_eagle/Norway/2022-07-100/2022,Norwegian Veterinary Institute,Norwegian Veterinary Institute
EPI_ISL_19521541,A/Herring_Gull/England/360557/2024,Animal and Plant Health Agency (APHA),Animal and Plant Health Agency (APHA)
EPI_ISL_19521540,A/Herring_Gull/England/360367/2024,Animal and Plant Health Agency (APHA),Animal and Plant Health Agency (APHA)
EPI_ISL_20145181,A/common_eider/Massachusetts/021407-028/2025,"USDA, APHIS, Veterinary Services, Diagnostic Virology Laboratory, National Veterinary Services Laboratories",
EPI_ISL_20067356,A/Great_Black-Backed_Gull/NS/FAV-0188-8/2025,"Atlantic Veterinary College, University of Prince Edward Island",Canadian Food Inspection Agency
EPI_ISL_20067357,A/Great_Black-Backed_Gull/NS/FAV-0188-9/2025,"Atlantic Veterinary College, University of Prince Edward Island",Canadian Food Inspection Agency
EPI_ISL_19521542,A/Kestral/Scotland/044473/2024,Animal and Plant Health Agency (APHA),Animal and Plant Health Agency (APHA)
EPI_ISL_20067331,A/Great_Black-Backed_Gull/NS/FAV-0186-6/2025,"Atlantic Veterinary College, University of Prince Edward Island",Canadian Food Inspection Agency
EPI_ISL_19901982,A/Fulmar/England/016621/2025,Animal and Plant Health Agency (APHA),Animal and Plant Health Agency (APHA)
EPI_ISL_20067329,A/Great_Black-Backed_Gull/NS/FAV-0186-5/2025,"Atlantic Veterinary College, University of Prince Edward Island",Canadian Food Inspection Agency
EPI_ISL_20067334,A/Herring_Gull/NS/FAV-0186-7/2025,"Atlantic Veterinary College, University of Prince Edward Island",Canadian Food Inspection Agency
EPI_ISL_19496991,A/large-billed_crow/Iwate/0303G005/2024,Tottori University,National Agriculture and Food Research Organization
EPI_ISL_20067338,A/Iceland_Gull/NS/FAV-0187-2/2025,"Atlantic Veterinary College, University of Prince Edward Island",Canadian Food Inspection Agency
EPI_ISL_20067336,A/Herring_Gull/NS/FAV-0186-8/2025,"Atlantic Veterinary College, University of Prince Edward Island",Canadian Food Inspection Agency
EPI_ISL_20067343,A/Herring_Gull/NS/FAV-0188-1/2025,"Atlantic Veterinary College, University of Prince Edward Island",Canadian Food Inspection Agency
EPI_ISL_20067340,A/Great_Black-Backed_Gull/NS/FAV-0187-3/2025,"Atlantic Veterinary College, University of Prince Edward Island",Canadian Food Inspection Agency
EPI_ISL_18856025,A/Herring_gull/Norway/2022-07-1141-3/2022,Norwegian Veterinary Institute,Norwegian Veterinary Institute
EPI_ISL_19575904,A/Great_black-backed_gull/Norway/2024-07-3000-1T/2024,Norwegian Veterinary Institute,Norwegian Veterinary Institute
EPI_ISL_19510887,A/White-tailed_eagle/Norway/2024-07-2691/2024,Norwegian Veterinary Institute,Norwegian Veterinary Institute
EPI_ISL_18851409,A/Great_black-backed_gull/Norway/2022-07-3018-2/2022,Norwegian Veterinary Institute,Norwegian Veterinary Institute
EPI_ISL_19216501,A/northern_fulmar/Greenland/08238-1.01/2023,Statens Serum Institut,Statens Serum Institute
EPI_ISL_19216500,A/glaucous_gull/Greenland/08236-1.02/2023,Statens Serum Institut,Statens Serum Institute
EPI_ISL_19033207,A/large-billed_crow/Hokkaido/B104/2024,"Graduate School of Veterinary Medicine, Hokkaido University","Graduate School of Veterinary Medicine, Hokkaido University"
EPI_ISL_20134500,A/golden_eagle/Finland/5959/2025,Finnish Food Authority,Finnish Food Authority
EPI_ISL_19033208,A/large-billed_crow/Hokkaido/B106/2024,"Graduate School of Veterinary Medicine, Hokkaido University","Graduate School of Veterinary Medicine, Hokkaido University"
EPI_ISL_19033209,A/large-billed_crow/Hokkaido/B112/2024,"Graduate School of Veterinary Medicine, Hokkaido University","Graduate School of Veterinary Medicine, Hokkaido University"
EPI_ISL_19016256,A/Sparrowhawk/England/133522/2024,Animal and Plant Health Agency (APHA),Animal and Plant Health Agency (APHA)
EPI_ISL_18702975,A/Northern_Fulmar/NS/FAV-0264-1/2023,"Atlantic Veterinary College, University of Prince Edward Island",Canadian Food Inspection Agency
EPI_ISL_20363861,A/carrion_crow/Hokkaido/B257/2026,"Graduate School of Veterinary Medicine, Hokkaido University","Graduate School of Veterinary Medicine, Hokkaido University"
EPI_ISL_19016257,A/Common_Buzzard/England/133477/2024,Animal and Plant Health Agency (APHA),Animal and Plant Health Agency (APHA)
EPI_ISL_18702969,A/Great_Black-Backed_Gull/NS/FAV-0263-4/2023,"Atlantic Veterinary College, University of Prince Edward Island",Canadian Food Inspection Agency
EPI_ISL_18497662,A/Common_eider/Iceland/2023AI08561/2023,"University of Iceland, Keldur",Friedrich-Loeffler-Institut
EPI_ISL_18702968,A/Great_Black-Backed_Gull/NS/FAV-0263-3/2023,"Atlantic Veterinary College, University of Prince Edward Island",Canadian Food Inspection Agency
EPI_ISL_18702971,A/Herring_Gull/NS/FAV-0263-6/2023,"Atlantic Veterinary College, University of Prince Edward Island",Canadian Food Inspection Agency
EPI_ISL_18702970,A/Great_Black-Backed_Gull/NS/FAV-0263-5/2023,"Atlantic Veterinary College, University of Prince Edward Island",Canadian Food Inspection Agency
EPI_ISL_18702965,A/Raccoon/PEI/FAV-0244-1/2023,"Atlantic Veterinary College, University of Prince Edward Island",Canadian Food Inspection Agency
EPI_ISL_18702964,A/Red_Fox/NS/FAV-0241-1/2023,"Atlantic Veterinary College, University of Prince Edward Island",Canadian Food Inspection Agency
EPI_ISL_19902020,A/White_Tailed_Eagle/Scotland/050287/2024,Animal and Plant Health Agency (APHA),Animal and Plant Health Agency (APHA)
EPI_ISL_18702966,A/Raccoon/PEI/FAV-0247-1/2023,"Atlantic Veterinary College, University of Prince Edward Island",Canadian Food Inspection Agency
EPI_ISL_20127327,A/Arctic_fox/Norway/2025-04-19222-2-2/2025,Norwegian Veterinary Institute,Norwegian Veterinary Institute
EPI_ISL_19902019,A/Chicken/England/050610/2024,Animal and Plant Health Agency (APHA),Animal and Plant Health Agency (APHA)
EPI_ISL_18702961,A/Striped_Skunk/PEI/FAV-0210-1/2023,"Atlantic Veterinary College, University of Prince Edward Island",Canadian Food Inspection Agency
EPI_ISL_19902018,A/Red_Kite/England/055216/2024,Animal and Plant Health Agency (APHA),Animal and Plant Health Agency (APHA)
EPI_ISL_18702960,A/Raccoon/PEI/FAV-0199-1/2023,"Atlantic Veterinary College, University of Prince Edward Island",Canadian Food Inspection Agency
EPI_ISL_18702963,A/Common_Tern/NS/FAV-0234-1/2023,"Atlantic Veterinary College, University of Prince Edward Island",Canadian Food Inspection Agency
EPI_ISL_18702962,A/Herring_Gull/NS/FAV-0231-1/2023,"Atlantic Veterinary College, University of Prince Edward Island",Canadian Food Inspection Agency
EPI_ISL_18702957,A/American_Crow/PEI/FAV-0144-1/2023,"Atlantic Veterinary College, University of Prince Edward Island",Canadian Food Inspection Agency
EPI_ISL_18702956,A/American_Crow/NB/FAV-0095-1/2023,"Atlantic Veterinary College, University of Prince Edward Island",Canadian Food Inspection Agency
EPI_ISL_18702959,A/Raccoon/PEI/FAV-0193-1/2023,"Atlantic Veterinary College, University of Prince Edward Island",Canadian Food Inspection Agency
EPI_ISL_18702958,A/Red-Tailed_Hawk/PEI/FAV-0165-1/2023,"Atlantic Veterinary College, University of Prince Edward Island",Canadian Food Inspection Agency
EPI_ISL_18702953,A/American_Crow/PEI/FAV-0068-3/2023,"Atlantic Veterinary College, University of Prince Edward Island",Canadian Food Inspection Agency
EPI_ISL_18702952,A/American_Crow/PEI/FAV-0035-6/2023,"Atlantic Veterinary College, University of Prince Edward Island",Canadian Food Inspection Agency
EPI_ISL_18702955,A/American_Crow/PEI/FAV-0068-9/2023,"Atlantic Veterinary College, University of Prince Edward Island",Canadian Food Inspection Agency
EPI_ISL_18702954,A/American_Crow/PEI/FAV-0068-8/2023,"Atlantic Veterinary College, University of Prince Edward Island",Canadian Food Inspection Agency
EPI_ISL_19820113,A/bald_eagle/Ohio/OH25-5320/2025,Ohio Animal Disease Diagnostic Laboratory,
EPI_ISL_19510870,A/European_herring_gullNorway/2024-07-2365/2024,Norwegian Veterinary Institute,Norwegian Veterinary Institute
EPI_ISL_19750575,A/Ring-Tailed_Hawk/NS/FAV-0196-2/2024,"Atlantic Veterinary College, University of Prince Edward Island",Canadian Food Inspection Agency
EPI_ISL_19750574,A/Red_Fox/NS/FAV-0183-1/2024,"Atlantic Veterinary College, University of Prince Edward Island",Canadian Food Inspection Agency
EPI_ISL_19550894,A/Crow/Norway/2024-07-2937-4/2024,Norwegian Veterinary Institute,Norwegian Veterinary Institute
EPI_ISL_18592415,A/Great_Black-Backed_Gull/Scotland/123498/2023,Animal and Plant Health Agency (APHA),Animal and Plant Health Agency (APHA)
EPI_ISL_20144826,A/Common_gull/Norway/2025-07-1985-1-1/2025,Norwegian Veterinary Institute,Norwegian Veterinary Institute
EPI_ISL_16209278,A/waterfowl/Russia/1526-4/2021,Federal Centre for Animal Health (ARRIAH),Federal Centre for Animal Health (ARRIAH)
EPI_ISL_20142265,A/Iceland_gull/Iceland/2025AI03229/2025,"University of Iceland, Keldur",Friedrich-Loeffler-Institut
EPI_ISL_16209277,A/shelduck/Kalmykia/1814-1/2021,Federal Centre for Animal Health (ARRIAH),Federal Centre for Animal Health (ARRIAH)
EPI_ISL_18702992,A/Herring_Gull/NS/FAV-0406-4/2023,"Atlantic Veterinary College, University of Prince Edward Island",Canadian Food Inspection Agency
EPI_ISL_18901678,A/White-tailed_eagle/Norway/2022-07-446-1/2022,Norwegian Veterinary Institute,Norwegian Veterinary Institute
EPI_ISL_19750589,A/Great_Black-Backed_Gull/NS/FAV-0380-2/2024,"Atlantic Veterinary College, University of Prince Edward Island",Canadian Food Inspection Agency
EPI_ISL_18702989,A/Red_Fox/NS/FAV-0265-1/2023,"Atlantic Veterinary College, University of Prince Edward Island",Canadian Food Inspection Agency
EPI_ISL_19750588,A/Great_Black-Backed_Gull/NS/FAV-0380-1/2024,"Atlantic Veterinary College, University of Prince Edward Island",Canadian Food Inspection Agency
EPI_ISL_18702988,A/Northern_Fulmar/NS/FAV-0264-9/2023,"Atlantic Veterinary College, University of Prince Edward Island",Canadian Food Inspection Agency
EPI_ISL_19750591,A/Great_Black-Backed_Gull/NS/FAV-0393-1/2024,"Atlantic Veterinary College, University of Prince Edward Island",Canadian Food Inspection Agency
EPI_ISL_18856077,A/Common_gull/Norway/2022-07-1140-1/2022,Norwegian Veterinary Institute,Norwegian Veterinary Institute
EPI_ISL_18702991,A/Northern_Fulmar/NS/FAV-0406-3/2023,"Atlantic Veterinary College, University of Prince Edward Island",Canadian Food Inspection Agency
EPI_ISL_19750590,A/Herring_Gull/NS/FAV-0380-3/2024,"Atlantic Veterinary College, University of Prince Edward Island",Canadian Food Inspection Agency
EPI_ISL_19611320,A/Pheasant/England/416803/2024,Animal and Plant Health Agency (APHA),Animal and Plant Health Agency (APHA)
EPI_ISL_18702990,A/Northern_Fulmar/NS/FAV-0406-2/2023,"Atlantic Veterinary College, University of Prince Edward Island",Canadian Food Inspection Agency
EPI_ISL_19750585,A/Great_Black-Backed_Gull/NS/FAV-0245-7/2024,"Atlantic Veterinary College, University of Prince Edward Island",Canadian Food Inspection Agency
EPI_ISL_18901684,A/White-tailed_eagle/Norway/2022-07-693-1/2022,Norwegian Veterinary Institute,Norwegian Veterinary Institute
EPI_ISL_18702985,A/Northern_Fulmar/NS/FAV-0264-6/2023,"Atlantic Veterinary College, University of Prince Edward Island",Canadian Food Inspection Agency
EPI_ISL_19750584,A/Great_Black-Backed_Gull/NS/FAV-0245-6/2024,"Atlantic Veterinary College, University of Prince Edward Island",Canadian Food Inspection Agency
EPI_ISL_18702984,A/Northern_Fulmar/NS/FAV-0264-5/2023,"Atlantic Veterinary College, University of Prince Edward Island",Canadian Food Inspection Agency
EPI_ISL_19750587,A/Turkey_Vulture/ON/FAV-0316-1/2024,"Ontario Veterinary College, University of Guelph",Canadian Food Inspection Agency
EPI_ISL_18901686,A/White-tailed_eagle/Norway/2022-07-977-1/2022,Norwegian Veterinary Institute,Norwegian Veterinary Institute
EPI_ISL_18702987,A/Northern_Fulmar/NS/FAV-0264-8/2023,"Atlantic Veterinary College, University of Prince Edward Island",Canadian Food Inspection Agency
EPI_ISL_19750586,A/Northern_Fulmar/NU/FAV-0290-1/2024,"Ontario Veterinary College, University of Guelph",Canadian Food Inspection Agency
EPI_ISL_18901687,A/White-tailed_eagle/Norway/2022-07-981-1/2022,Norwegian Veterinary Institute,Norwegian Veterinary Institute
EPI_ISL_18702986,A/Northern_Fulmar/NS/FAV-0264-7/2023,"Atlantic Veterinary College, University of Prince Edward Island",Canadian Food Inspection Agency
EPI_ISL_19750581,A/Herring_Gull/NS/FAV-0245-3/2024,"Atlantic Veterinary College, University of Prince Edward Island",Canadian Food Inspection Agency
EPI_ISL_18702981,A/Great_Black-Backed_Gull/NS/FAV-0264-15/2023,"Atlantic Veterinary College, University of Prince Edward Island",Canadian Food Inspection Agency
EPI_ISL_19750580,A/Great_Black-Backed_Gull/NS/FAV-0245-2/2024,"Atlantic Veterinary College, University of Prince Edward Island",Canadian Food Inspection Agency
EPI_ISL_19750583,A/Iceland_Gull/NS/FAV-0245-5/2024,"Atlantic Veterinary College, University of Prince Edward Island",Canadian Food Inspection Agency
EPI_ISL_18702983,A/Northern_Fulmar/NS/FAV-0264-4/2023,"Atlantic Veterinary College, University of Prince Edward Island",Canadian Food Inspection Agency
EPI_ISL_19750582,A/Herring_Gull/NS/FAV-0245-4/2024,"Atlantic Veterinary College, University of Prince Edward Island",Canadian Food Inspection Agency
EPI_ISL_18702982,A/Northern_Fulmar/NS/FAV-0264-3/2023,"Atlantic Veterinary College, University of Prince Edward Island",Canadian Food Inspection Agency
EPI_ISL_20142255,A/Greylag_goose/Iceland/2025AI03228/2025,"University of Iceland, Keldur",Friedrich-Loeffler-Institut
EPI_ISL_19750577,A/Herring_Gull/NS/FAV-0243-1/2024,"Atlantic Veterinary College, University of Prince Edward Island",Canadian Food Inspection Agency
EPI_ISL_19611319,A/Pheasant/England/416802/2024,Animal and Plant Health Agency (APHA),Animal and Plant Health Agency (APHA)
EPI_ISL_18702977,A/Black-Legged_Kittiwake/NS/FAV-0264-11/2023,"Atlantic Veterinary College, University of Prince Edward Island",Canadian Food Inspection Agency
EPI_ISL_19611318,A/Common_Buzzard/England/416223/2024,Animal and Plant Health Agency (APHA),Animal and Plant Health Agency (APHA)
EPI_ISL_18702976,A/Northern_Fulmar/NS/FAV-0264-10/2023,"Atlantic Veterinary College, University of Prince Edward Island",Canadian Food Inspection Agency
EPI_ISL_19750579,A/Great_Black-Backed_Gull/NS/FAV-0243-3/2024,"Atlantic Veterinary College, University of Prince Edward Island",Canadian Food Inspection Agency
EPI_ISL_19611317,A/Common_Buzzard/England/141842/2024,Animal and Plant Health Agency (APHA),Animal and Plant Health Agency (APHA)
EPI_ISL_18702979,A/Northern_Fulmar/NS/FAV-0264-13/2023,"Atlantic Veterinary College, University of Prince Edward Island",Canadian Food Inspection Agency
EPI_ISL_19750578,A/Great_Black-Backed_Gull/NS/FAV-0243-2/2024,"Atlantic Veterinary College, University of Prince Edward Island",Canadian Food Inspection Agency
EPI_ISL_18702978,A/Northern_Fulmar/NS/FAV-0264-12/2023,"Atlantic Veterinary College, University of Prince Edward Island",Canadian Food Inspection Agency
EPI_ISL_19385478,A/large-billed_crow/Hokkaido/B108/2024,"Graduate School of Veterinary Medicine, Hokkaido University","Graduate School of Veterinary Medicine, Hokkaido University"
EPI_ISL_18901640,A/White-tailed_eagle/Norway/2022-07-196-1/2022,Norwegian Veterinary Institute,Norwegian Veterinary Institute
EPI_ISL_18901641,A/White-tailed_eagle/Norway/2022-07-198-1/2022,Norwegian Veterinary Institute,Norwegian Veterinary Institute
EPI_ISL_18592433,A/Herring_gull/England/404384/2023,Animal and Plant Health Agency (APHA),Animal and Plant Health Agency (APHA)
EPI_ISL_20349597,A/black-headed_gull/Denmark/00376-1.01/2026,Statens Serumm Institute,Statens Serum Institute
EPI_ISL_18592432,A/Herring_gull/England/404234/2023,Animal and Plant Health Agency (APHA),Animal and Plant Health Agency (APHA)
EPI_ISL_20050590,A/Common_gull/Norway/2025-07-1155-2-2/2025,Norwegian Veterinary Institute,Norwegian Veterinary Institute
EPI_ISL_18901649,A/Great_black-backed_gull/Norway/2022-07-2739-1/2022,Norwegian Veterinary Institute,Norwegian Veterinary Institute
EPI_ISL_18592431,A/Common_gull/England/129428/2023,Animal and Plant Health Agency (APHA),Animal and Plant Health Agency (APHA)
EPI_ISL_18592430,A/Common_buzzard/England/264162/2023,Animal and Plant Health Agency (APHA),Animal and Plant Health Agency (APHA)
EPI_ISL_18455201,A/Great_black-backed_gull/Norway/2022-07-1141-4T/2022,Norwegian Veterinary Institute,Norwegian Veterinary Institute
EPI_ISL_18455200,A/European_herring_gull/Norway/2022-07-1141-1T/2022,Norwegian Veterinary Institute,Norwegian Veterinary Institute
EPI_ISL_18592416,A/Gannet/Scotland/124903/2023,Animal and Plant Health Agency (APHA),Animal and Plant Health Agency (APHA)
EPI_ISL_19139300,A/large-billed_crow/Iwate/0303G014/2024,"Graduate School of Veterinary Medicine, Hokkaido University","Graduate School of Veterinary Medicine, Hokkaido University"
EPI_ISL_19139304,A/large-billed_crow/Hokkaido/0103B118/2024,"Graduate School of Veterinary Medicine, Hokkaido University","Graduate School of Veterinary Medicine, Hokkaido University"
EPI_ISL_18838729,A/Great_black-backed_gull/Norway/2022-07-1137-1/2022,Norwegian Veterinary Institute,Norwegian Veterinary Institute
EPI_ISL_19779830,A/Herring_Gull/England/286555/2025,Animal and Plant Health Agency (APHA),Animal and Plant Health Agency (APHA)
EPI_ISL_19750605,A/Great_Black-Backed_Gull/NL/OTH-0115-36/2024,Memorial University,Canadian Food Inspection Agency
EPI_ISL_19260101,A/Great_Black-Backed_Gull/NS/FAV-0405-3/2023,"Atlantic Veterinary College, University of Prince Edward Island",Canadian Food Inspection Agency
EPI_ISL_19750604,A/Great_Black-Backed_Gull/NL/OTH-0115-35/2024,Memorial University,Canadian Food Inspection Agency
EPI_ISL_19260100,A/Great_Black-Backed_Gull/NS/FAV-0405-2/2023,"Atlantic Veterinary College, University of Prince Edward Island",Canadian Food Inspection Agency
EPI_ISL_19750607,A/Great_Black-Backed_Gull/NS/FAV-0026-2/2025,"Atlantic Veterinary College, University of Prince Edward Island",Canadian Food Inspection Agency
EPI_ISL_19260103,A/Great_Black-Backed_Gull/NL/FAV-0430-11/2023,Memorial University,Canadian Food Inspection Agency
EPI_ISL_19750606,A/Herring_Gull/NS/FAV-0026-1/2025,"Atlantic Veterinary College, University of Prince Edward Island",Canadian Food Inspection Agency
EPI_ISL_19260102,A/Great_Black-Backed_Gull/NL/FAV-0430-10/2023,Memorial University,Canadian Food Inspection Agency
EPI_ISL_19750601,A/Herring_Gull/NL/OTH-0111-4/2024,Memorial University,Canadian Food Inspection Agency
EPI_ISL_19053254,A/Northern_Fulmar/Netherlands/3/2024,Erasmus Medical Center,Erasmus Medical Center
EPI_ISL_19750600,A/Herring_Gull/NL/OTH-0111-3/2024,Memorial University,Canadian Food Inspection Agency
EPI_ISL_19750603,A/Black-Legged_Kittiwake/NL/OTH-0115-32/2024,Memorial University,Canadian Food Inspection Agency
EPI_ISL_19260099,A/Great_Black-Backed_Gull/NS/FAV-0405-1/2023,"Atlantic Veterinary College, University of Prince Edward Island",Canadian Food Inspection Agency
EPI_ISL_19053252,A/Northern_Fulmar/Netherlands/1/2024,Erasmus Medical Center,Erasmus Medical Center
EPI_ISL_19750602,A/Black-Legged_Kittiwake/NL/OTH-0111-5/2024,Memorial University,Canadian Food Inspection Agency
EPI_ISL_19053253,A/Northern_Fulmar/Netherlands/2/2024,Erasmus Medical Center,Erasmus Medical Center
EPI_ISL_19750597,A/Herring_Gull/NL/OTH-0039-33/2024,Memorial University,Canadian Food Inspection Agency
EPI_ISL_19260109,A/Herring_Gull/NL/FAV-0375-3/2023,Memorial University,Canadian Food Inspection Agency
EPI_ISL_19750596,A/Herring_Gull/NL/OTH-0039-32/2024,Memorial University,Canadian Food Inspection Agency
EPI_ISL_19260108,A/Ring-billed_Gull/NL/FAV-0430-9/2023,Memorial University,Canadian Food Inspection Agency
EPI_ISL_19750599,A/Herring_Gull/NL/OTH-0111-2/2024,Memorial University,Canadian Food Inspection Agency
EPI_ISL_19550912,A/Herring_gull/Norway/2024-07-2919/2024,Norwegian Veterinary Institute,Norwegian Veterinary Institute
EPI_ISL_19260111,A/American_Crow/PEI/FAV-0074-3/2024,"Atlantic Veterinary College, University of Prince Edward Island",Canadian Food Inspection Agency
EPI_ISL_19750598,A/Great_Black-Backed_Gull/NL/OTH-0105-6/2024,Memorial University,Canadian Food Inspection Agency
EPI_ISL_19260110,A/American_Crow/PEI/FAV-0074-2/2024,"Atlantic Veterinary College, University of Prince Edward Island",Canadian Food Inspection Agency
EPI_ISL_19750593,A/Ringed_Seal/NU/FAV-0410-2/2024,"Ontario Veterinary College, University of Guelph",Canadian Food Inspection Agency
EPI_ISL_19260105,A/Herring_Gull/NL/FAV-0430-13/2023,Memorial University,Canadian Food Inspection Agency
EPI_ISL_19750592,A/Herring_Gull/PEI/FAV-0393-2/2024,"Atlantic Veterinary College, University of Prince Edward Island",Canadian Food Inspection Agency
EPI_ISL_19260104,A/Herring_Gull/NL/FAV-0430-12/2023,Memorial University,Canadian Food Inspection Agency
EPI_ISL_19750595,A/Red_Fox/PEI/FAV-0417-1/2024,"Atlantic Veterinary College, University of Prince Edward Island",Canadian Food Inspection Agency
EPI_ISL_19260107,A/Great_Black-Backed_Gull/NL/FAV-0430-7/2023,Memorial University,Canadian Food Inspection Agency
EPI_ISL_19750594,A/Ringed_Seal/NU/FAV-0410-3/2024,"Ontario Veterinary College, University of Guelph",Canadian Food Inspection Agency
EPI_ISL_19260106,A/Herring_Gull/NL/FAV-0430-14/2023,Memorial University,Canadian Food Inspection Agency
EPI_ISL_19260117,A/Striped_Skunk/PEI/FAV-0130-1/2024,"Atlantic Veterinary College, University of Prince Edward Island",Canadian Food Inspection Agency
EPI_ISL_19779804,A/Grey_Seal/England/014989/2025,Animal and Plant Health Agency (APHA),Animal and Plant Health Agency (APHA)
EPI_ISL_19260116,A/Striped_Skunk/PEI/FAV-0111-1/2024,"Atlantic Veterinary College, University of Prince Edward Island",Canadian Food Inspection Agency
EPI_ISL_19260118,A/American_Crow/QC/FAV-0132-1/2024,"Laboratoire de sante animale Ministere de l'Agriculture, des Pecheries et de l'A",Canadian Food Inspection Agency
EPI_ISL_19779801,A/Grey_Seal/England/014917/2025,Animal and Plant Health Agency (APHA),Animal and Plant Health Agency (APHA)
EPI_ISL_19750617,A/Herring_Gull/NS/FAV-0050-2/2025,"Atlantic Veterinary College, University of Prince Edward Island",Canadian Food Inspection Agency
EPI_ISL_19260113,A/Raccoon/PEI/FAV-0093-1/2024,"Atlantic Veterinary College, University of Prince Edward Island",Canadian Food Inspection Agency
EPI_ISL_19779800,A/Grey_Seal/England/014913/2025,Animal and Plant Health Agency (APHA),Animal and Plant Health Agency (APHA)
EPI_ISL_19750616,A/Great_Black-Backed_Gull/NS/FAV-0050-1/2025,"Atlantic Veterinary College, University of Prince Edward Island",Canadian Food Inspection Agency
EPI_ISL_19260112,A/Raccoon/NS/FAV-0079-1/2024,"Atlantic Veterinary College, University of Prince Edward Island",Canadian Food Inspection Agency
EPI_ISL_18901717,A/White-tailed_eagle/Norway/2022-07-1141-5/2022,Norwegian Veterinary Institute,Norwegian Veterinary Institute
EPI_ISL_19779803,A/Grey_Seal/England/014976/2025,Animal and Plant Health Agency (APHA),Animal and Plant Health Agency (APHA)
EPI_ISL_19260115,A/Striped_Skunk/PEI/FAV-0109-1/2024,"Atlantic Veterinary College, University of Prince Edward Island",Canadian Food Inspection Agency
EPI_ISL_19779802,A/Grey_Seal/England/014941/2025,Animal and Plant Health Agency (APHA),Animal and Plant Health Agency (APHA)
EPI_ISL_19750618,A/Chicken/NL/FAV-0053-4/2025,"Atlantic Veterinary College, University of Prince Edward Island",Canadian Food Inspection Agency
EPI_ISL_19260114,A/Raccoon/PEI/FAV-0108-1/2024,"Atlantic Veterinary College, University of Prince Edward Island",Canadian Food Inspection Agency
EPI_ISL_19750613,A/Great_Black-Backed_Gull/NL/FAV-0042-10/2025,Memorial University,Canadian Food Inspection Agency
EPI_ISL_19779796,A/Herring_Gull/England/014794/2025,Animal and Plant Health Agency (APHA),Animal and Plant Health Agency (APHA)
EPI_ISL_19750612,A/Herring_Gull/NS/FAV-0026-7/2025,"Atlantic Veterinary College, University of Prince Edward Island",Canadian Food Inspection Agency
EPI_ISL_19750615,A/Herring_Gull/NL/FAV-0042-9/2025,Memorial University,Canadian Food Inspection Agency
EPI_ISL_19779799,A/Greater_Black_Backed_Gull/England/014827/2025,Animal and Plant Health Agency (APHA),Animal and Plant Health Agency (APHA)
EPI_ISL_19750614,A/Herring_Gull/NL/FAV-0042-7/2025,Memorial University,Canadian Food Inspection Agency
EPI_ISL_19779798,A/Grey_Seal/England/014816/2025,Animal and Plant Health Agency (APHA),Animal and Plant Health Agency (APHA)
EPI_ISL_19750609,A/Great_Black-Backed_Gull/NS/FAV-0026-4/2025,"Atlantic Veterinary College, University of Prince Edward Island",Canadian Food Inspection Agency
EPI_ISL_19750608,A/Iceland_Gull/NS/FAV-0026-3/2025,"Atlantic Veterinary College, University of Prince Edward Island",Canadian Food Inspection Agency
EPI_ISL_19750611,A/Great_Black-Backed_Gull/NS/FAV-0026-6/2025,"Atlantic Veterinary College, University of Prince Edward Island",Canadian Food Inspection Agency
EPI_ISL_19750610,A/Great_Black-Backed_Gull/NS/FAV-0026-5/2025,"Atlantic Veterinary College, University of Prince Edward Island",Canadian Food Inspection Agency